Workbook

Sheet README
A1: 目的 / Purpose
A2: Next steps / 下一步:
A3: 1) Use Inputs!B3 (fps) and Inputs!B4 (Δt_seconds) in Alignment formulas (no Named Ranges required).
A4: 2) Robustness: evaluate multiple Δt windows (0.5 / 1.0 / 1.5) to check sensitivity.
A5: 3) Methods: export Inputs + CountsFlow into one table for Methods/QC reporting.

Sheet Inputs
A1: Parameter | B1: Value | C1: Note
A2: TAG | B2: m01 | C2: video tag
A3: fps | B3: 30 | C3: frames per second
A4: Δt_seconds | B4: 1.5 | C4: alignment half-window (try 0.5 / 1.0 / 1.5 for robustness)

Sheet Codebook
A1: Section | B1: Code | C1: CN definition | D1: EN definition | E1: KEEP relevance
A2: MACRO | B2: NC | C2: 新概念/新步骤引入 | D2: New concept/new step begins a unit. | E2: often structural
A3: MACRO | B3: ELAB | C3: 解释展开（例子/拆解/类比） | D3: Elaboration within unit. | E3: sometimes
A4: MACRO | B4: TRANS | C4: 转场/换步骤/换表示 | D4: Transition/boundary marker. | E4: often structural
A5: MACRO | B5: EMPH | C5: 强调/标重点/提醒易错 | D5: Emphasis/highlight/pitfall notice. | E5: often structural
A6: MACRO | B6: CLOSE | C6: 收束/小结/回顾 | D6: Closure/summary/recap. | E6: often structural
A7: MICRO | B7: DEF | C7: 定义/命名/符号引入 | D7: Definition/naming/symbol intro. | E7: context-dependent
A8: MICRO | B8: EX | C8: 举例/实例 | D8: Example/instance. | E8: usually elaboration
A9: MICRO | B9: CONTR | C9: 对比/区分/纠错 | D9: Contrast/distinction/correction. | E9: can be structural
A10: MICRO | B10: WARN | C10: 易错警示/注意事项 | D10: Warning/pitfall notice. | E10: often KEEP if emphatic
A11: MICRO | B11: CHK | C11: 检查理解/提问 | D11: Checking understanding/questioning. | E11: context-dependent
A12: MICRO | B12: META | C12: 元话语（接下来/现在） | D12: Meta-discourse (next/now). | E12: evidence for TRANS/CLOSE
... A15: KEEP | B15: Layer3 | C15: 显著性：高于局部基线/top quantile | D15: Salience above local baseline/top quantile. | E15: recommended

Sheet GestureEvents
A1: EventID | B1: run | C1: start_frame | D1: end_frame | E1: duration_frames | F1: start_sec | G1: end_sec | H1: duration_sec | I1: mean_speed | J1: max_speed | K1: q | L1: threshold | M1: peak_sec_proxy

Sheet StructuralPoints
A1: PointID | B1: time_s | C1: time_start | D1: time_end | E1: teacher_ratio | F1: speed | G1: Transcript_cue | H1: Macro | I1: Micro_codes | J1: Confidence_1to3 | K1: Notes

Sheet Alignment
A1: PointID | B1: t_struct_sec | C1: Δt_sec | D1: EventID (manual) | E1: Event_peak_sec | F1: |lag| (sec) | G1: Event_start_sec | H1: Event_end_sec | I1: Event_max_speed | J1: Event_duration_sec | K1: Aligned_within_Δt? | L1: Teacher_ratio_in_clip | M1: Macro | N1: Micro_codes | O1: Confidence | P1: KEEP/DROP | Q1: Reason
C2: =Inputs!$B$4 -> 1.5 | E2: =IF($D2="","",VLOOKUP($D2,GestureEvents!$A$1:$M$42,13,FALSE)) | F2: =IF($D2="","",ABS($E2-$B2)) | G2: =IF($D2="","",VLOOKUP($D2,GestureEvents!$A$1:$M$42,6,FALSE)) | H2: =IF($D2="","",VLOOKUP($D2,GestureEvents!$A$1:$M$42,7,FALSE)) | I2: =IF($D2="","",VLOOKUP($D2,GestureEvents!$A$1:$M$42,10,FALSE)) | J2: =IF($D2="","",VLOOKUP($D2,GestureEvents!$A$1:$M$42,8,FALSE)) | K2: =IF($D2="","NO",IF($F2<=$C2,"YES","NO")) -> NO | M2: =IFERROR(VLOOKUP($A2,StructuralPoints!$A$1:$K$21,8,FALSE),"") | N2: =IFERROR(VLOOKUP($A2,StructuralPoints!$A$1:$K$21,9,FALSE),"") | O2: =IFERROR(VLOOKUP($A2,StructuralPoints!$A$1:$K$21,10,FALSE),"")
C3: =Inputs!$B$4 -> 1.5 | E3: =IF($D3="","",VLOOKUP($D3,GestureEvents!$A$1:$M$42,13,FALSE)) | F3: =IF($D3="","",ABS($E3-$B3)) | G3: =IF($D3="","",VLOOKUP($D3,GestureEvents!$A$1:$M$42,6,FALSE)) | H3: =IF($D3="","",VLOOKUP($D3,GestureEvents!$A$1:$M$42,7,FALSE)) | I3: =IF($D3="","",VLOOKUP($D3,GestureEvents!$A$1:$M$42,10,FALSE)) | J3: =IF($D3="","",VLOOKUP($D3,GestureEvents!$A$1:$M$42,8,FALSE)) | K3: =IF($D3="","NO",IF($F3<=$C3,"YES","NO")) -> NO | M3: =IFERROR(VLOOKUP($A3,StructuralPoints!$A$1:$K$21,8,FALSE),"") | N3: =IFERROR(VLOOKUP($A3,StructuralPoints!$A$1:$K$21,9,FALSE),"") | O3: =IFERROR(VLOOKUP($A3,StructuralPoints!$A$1:$K$21,10,FALSE),"")
C4: =Inputs!$B$4 -> 1.5 | E4: =IF($D4="","",VLOOKUP($D4,GestureEvents!$A$1:$M$42,13,FALSE)) | F4: =IF($D4="","",ABS($E4-$B4)) | G4: =IF($D4="","",VLOOKUP($D4,GestureEvents!$A$1:$M$42,6,FALSE)) | H4: =IF($D4="","",VLOOKUP($D4,GestureEvents!$A$1:$M$42,7,FALSE)) | I4: =IF($D4="","",VLOOKUP($D4,GestureEvents!$A$1:$M$42,10,FALSE)) | J4: =IF($D4="","",VLOOKUP($D4,GestureEvents!$A$1:$M$42,8,FALSE)) | K4: =IF($D4="","NO",IF($F4<=$C4,"YES","NO")) -> NO | M4: =IFERROR(VLOOKUP($A4,StructuralPoints!$A$1:$K$21,8,FALSE),"") | N4: =IFERROR(VLOOKUP($A4,StructuralPoints!$A$1:$K$21,9,FALSE),"") | O4: =IFERROR(VLOOKUP($A4,StructuralPoints!$A$1:$K$21,10,FALSE),"")
C5: =Inputs!$B$4 -> 1.5 | E5: =IF($D5="","",VLOOKUP($D5,GestureEvents!$A$1:$M$42,13,FALSE)) | F5: =IF($D5="","",ABS($E5-$B5)) | G5: =IF($D5="","",VLOOKUP($D5,GestureEvents!$A$1:$M$42,6,FALSE)) | H5: =IF($D5="","",VLOOKUP($D5,GestureEvents!$A$1:$M$42,7,FALSE)) | I5: =IF($D5="","",VLOOKUP($D5,GestureEvents!$A$1:$M$42,10,FALSE)) | J5: =IF($D5="","",VLOOKUP($D5,GestureEvents!$A$1:$M$42,8,FALSE)) | K5: =IF($D5="","NO",IF($F5<=$C5,"YES","NO")) -> NO | M5: =IFERROR(VLOOKUP($A5,StructuralPoints!$A$1:$K$21,8,FALSE),"") | N5: =IFERROR(VLOOKUP($A5,StructuralPoints!$A$1:$K$21,9,FALSE),"") | O5: =IFERROR(VLOOKUP($A5,StructuralPoints!$A$1:$K$21,10,FALSE),"")
C6: =Inputs!$B$4 -> 1.5 | E6: =IF($D6="","",VLOOKUP($D6,GestureEvents!$A$1:$M$42,13,FALSE)) | F6: =IF($D6="","",ABS($E6-$B6)) | G6: =IF($D6="","",VLOOKUP($D6,GestureEvents!$A$1:$M$42,6,FALSE)) | H6: =IF($D6="","",VLOOKUP($D6,GestureEvents!$A$1:$M$42,7,FALSE)) | I6: =IF($D6="","",VLOOKUP($D6,GestureEvents!$A$1:$M$42,10,FALSE)) | J6: =IF($D6="","",VLOOKUP($D6,GestureEvents!$A$1:$M$42,8,FALSE)) | K6: =IF($D6="","NO",IF($F6<=$C6,"YES","NO")) -> NO | M6: =IFERROR(VLOOKUP($A6,StructuralPoints!$A$1:$K$21,8,FALSE),"") | N6: =IFERROR(VLOOKUP($A6,StructuralPoints!$A$1:$K$21,9,FALSE),"") | O6: =IFERROR(VLOOKUP($A6,StructuralPoints!$A$1:$K$21,10,FALSE),"")
C7: =Inputs!$B$4 -> 1.5 | E7: =IF($D7="","",VLOOKUP($D7,GestureEvents!$A$1:$M$42,13,FALSE)) | F7: =IF($D7="","",ABS($E7-$B7)) | G7: =IF($D7="","",VLOOKUP($D7,GestureEvents!$A$1:$M$42,6,FALSE)) | H7: =IF($D7="","",VLOOKUP($D7,GestureEvents!$A$1:$M$42,7,FALSE)) | I7: =IF($D7="","",VLOOKUP($D7,GestureEvents!$A$1:$M$42,10,FALSE)) | J7: =IF($D7="","",VLOOKUP($D7,GestureEvents!$A$1:$M$42,8,FALSE)) | K7: =IF($D7="","NO",IF($F7<=$C7,"YES","NO")) -> NO | M7: =IFERROR(VLOOKUP($A7,StructuralPoints!$A$1:$K$21,8,FALSE),"") | N7: =IFERROR(VLOOKUP($A7,StructuralPoints!$A$1:$K$21,9,FALSE),"") | O7: =IFERROR(VLOOKUP($A7,StructuralPoints!$A$1:$K$21,10,FALSE),"")
C8: =Inputs!$B$4 -> 1.5 | E8: =IF($D8="","",VLOOKUP($D8,GestureEvents!$A$1:$M$42,13,FALSE)) | F8: =IF($D8="","",ABS($E8-$B8)) | G8: =IF($D8="","",VLOOKUP($D8,GestureEvents!$A$1:$M$42,6,FALSE)) | H8: =IF($D8="","",VLOOKUP($D8,GestureEvents!$A$1:$M$42,7,FALSE)) | I8: =IF($D8="","",VLOOKUP($D8,GestureEvents!$A$1:$M$42,10,FALSE)) | J8: =IF($D8="","",VLOOKUP($D8,GestureEvents!$A$1:$M$42,8,FALSE)) | K8: =IF($D8="","NO",IF($F8<=$C8,"YES","NO")) -> NO | M8: =IFERROR(VLOOKUP($A8,StructuralPoints!$A$1:$K$21,8,FALSE),"") | N8: =IFERROR(VLOOKUP($A8,StructuralPoints!$A$1:$K$21,9,FALSE),"") | O8: =IFERROR(VLOOKUP($A8,StructuralPoints!$A$1:$K$21,10,FALSE),"")
C9: =Inputs!$B$4 -> 1.5 | E9: =IF($D9="","",VLOOKUP($D9,GestureEvents!$A$1:$M$42,13,FALSE)) | F9: =IF($D9="","",ABS($E9-$B9)) | G9: =IF($D9="","",VLOOKUP($D9,GestureEvents!$A$1:$M$42,6,FALSE)) | H9: =IF($D9="","",VLOOKUP($D9,GestureEvents!$A$1:$M$42,7,FALSE)) | I9: =IF($D9="","",VLOOKUP($D9,GestureEvents!$A$1:$M$42,10,FALSE)) | J9: =IF($D9="","",VLOOKUP($D9,GestureEvents!$A$1:$M$42,8,FALSE)) | K9: =IF($D9="","NO",IF($F9<=$C9,"YES","NO")) -> NO | M9: =IFERROR(VLOOKUP($A9,StructuralPoints!$A$1:$K$21,8,FALSE),"") | N9: =IFERROR(VLOOKUP($A9,StructuralPoints!$A$1:$K$21,9,FALSE),"") | O9: =IFERROR(VLOOKUP($A9,StructuralPoints!$A$1:$K$21,10,FALSE),"")
C10: =Inputs!$B$4 -> 1.5 | E10: =IF($D10="","",VLOOKUP($D10,GestureEvents!$A$1:$M$42,13,FALSE)) | F10: =IF($D10="","",ABS($E10-$B10)) | G10: =IF($D10="","",VLOOKUP($D10,GestureEvents!$A$1:$M$42,6,FALSE)) | H10: =IF($D10="","",VLOOKUP($D10,GestureEvents!$A$1:$M$42,7,FALSE)) | I10: =IF($D10="","",VLOOKUP($D10,GestureEvents!$A$1:$M$42,10,FALSE)) | J10: =IF($D10="","",VLOOKUP($D10,GestureEvents!$A$1:$M$42,8,FALSE)) | K10: =IF($D10="","NO",IF($F10<=$C10,"YES","NO")) -> NO | M10: =IFERROR(VLOOKUP($A10,StructuralPoints!$A$1:$K$21,8,FALSE),"") | N10: =IFERROR(VLOOKUP($A10,StructuralPoints!$A$1:$K$21,9,FALSE),"") | O10: =IFERROR(VLOOKUP($A10,StructuralPoints!$A$1:$K$21,10,FALSE),"")
C11: =Inputs!$B$4 -> 1.5 | E11: =IF($D11="","",VLOOKUP($D11,GestureEvents!$A$1:$M$42,13,FALSE)) | F11: =IF($D11="","",ABS($E11-$B11)) | G11: =IF($D11="","",VLOOKUP($D11,GestureEvents!$A$1:$M$42,6,FALSE)) | H11: =IF($D11="","",VLOOKUP($D11,GestureEvents!$A$1:$M$42,7,FALSE)) | I11: =IF($D11="","",VLOOKUP($D11,GestureEvents!$A$1:$M$42,10,FALSE)) | J11: =IF($D11="","",VLOOKUP($D11,GestureEvents!$A$1:$M$42,8,FALSE)) | K11: =IF($D11="","NO",IF($F11<=$C11,"YES","NO")) -> NO | M11: =IFERROR(VLOOKUP($A11,StructuralPoints!$A$1:$K$21,8,FALSE),"") | N11: =IFERROR(VLOOKUP($A11,StructuralPoints!$A$1:$K$21,9,FALSE),"") | O11: =IFERROR(VLOOKUP($A11,StructuralPoints!$A$1:$K$21,10,FALSE),"")
C12: =Inputs!$B$4 -> 1.5 | E12: =IF($D12="","",VLOOKUP($D12,GestureEvents!$A$1:$M$42,13,FALSE)) | F12: =IF($D12="","",ABS($E12-$B12)) | G12: =IF($D12="","",VLOOKUP($D12,GestureEvents!$A$1:$M$42,6,FALSE)) | H12: =IF($D12="","",VLOOKUP($D12,GestureEvents!$A$1:$M$42,7,FALSE)) | I12: =IF($D12="","",VLOOKUP($D12,GestureEvents!$A$1:$M$42,10,FALSE)) | J12: =IF($D12="","",VLOOKUP($D12,GestureEvents!$A$1:$M$42,8,FALSE)) | K12: =IF($D12="","NO",IF($F12<=$C12,"YES","NO")) -> NO | M12: =IFERROR(VLOOKUP($A12,StructuralPoints!$A$1:$K$21,8,FALSE),"") | N12: =IFERROR(VLOOKUP($A12,StructuralPoints!$A$1:$K$21,9,FALSE),"") | O12: =IFERROR(VLOOKUP($A12,StructuralPoints!$A$1:$K$21,10,FALSE),"")
C13: =Inputs!$B$4 -> 1.5 | E13: =IF($D13="","",VLOOKUP($D13,GestureEvents!$A$1:$M$42,13,FALSE)) | F13: =IF($D13="","",ABS($E13-$B13)) | G13: =IF($D13="","",VLOOKUP($D13,GestureEvents!$A$1:$M$42,6,FALSE)) | H13: =IF($D13="","",VLOOKUP($D13,GestureEvents!$A$1:$M$42,7,FALSE)) | I13: =IF($D13="","",VLOOKUP($D13,GestureEvents!$A$1:$M$42,10,FALSE)) | J13: =IF($D13="","",VLOOKUP($D13,GestureEvents!$A$1:$M$42,8,FALSE)) | K13: =IF($D13="","NO",IF($F13<=$C13,"YES","NO")) -> NO | M13: =IFERROR(VLOOKUP($A13,StructuralPoints!$A$1:$K$21,8,FALSE),"") | N13: =IFERROR(VLOOKUP($A13,StructuralPoints!$A$1:$K$21,9,FALSE),"") | O13: =IFERROR(VLOOKUP($A13,StructuralPoints!$A$1:$K$21,10,FALSE),"")
... C21: =Inputs!$B$4 -> 1.5 | E21: =IF($D21="","",VLOOKUP($D21,GestureEvents!$A$1:$M$42,13,FALSE)) | F21: =IF($D21="","",ABS($E21-$B21)) | G21: =IF($D21="","",VLOOKUP($D21,GestureEvents!$A$1:$M$42,6,FALSE)) | H21: =IF($D21="","",VLOOKUP($D21,GestureEvents!$A$1:$M$42,7,FALSE)) | I21: =IF($D21="","",VLOOKUP($D21,GestureEvents!$A$1:$M$42,10,FALSE)) | J21: =IF($D21="","",VLOOKUP($D21,GestureEvents!$A$1:$M$42,8,FALSE)) | K21: =IF($D21="","NO",IF($F21<=$C21,"YES","NO")) -> NO | M21: =IFERROR(VLOOKUP($A21,StructuralPoints!$A$1:$K$21,8,FALSE),"") | N21: =IFERROR(VLOOKUP($A21,StructuralPoints!$A$1:$K$21,9,FALSE),"") | O21: =IFERROR(VLOOKUP($A21,StructuralPoints!$A$1:$K$21,10,FALSE),"")

Sheet Methods
A1: Section | B1: Item | C1: Value | D1: Note
A2: Inputs | B2: TAG | D2: auto from R
A3: Inputs | B3: fps | D3: auto from R
A4: Inputs | B4: Δt_seconds | D4: auto from R
A5: CountsFlow | B5: total_frames | D5: auto from TeacherQC
A6: CountsFlow | B6: teacher_present_frames | D6: auto from TeacherQC
A7: CountsFlow | B7: conf_ok_frames | D7: auto from TeacherQC
A8: CountsFlow | B8: shoulders_ok_frames | D8: auto from TeacherQC
A9: CountsFlow | B9: n_candidates | D9: auto from TeacherQC
A10: CountsFlow | B10: n_watch_final | D10: auto from TeacherQC
A11: CountsFlow | B11: n_events | D11: auto from GestureEvents
A12: CountsFlow | B12: events_per_min | D12: auto from Summary
A13: CountsFlow | B13: mean_amplitude | D13: auto from Summary

Sheet Robustness
A1: TAG | B1: q | C1: n_events | D1: events_per_min | E1: mean_amplitude | F1: mean_duration | H1: dt_seconds | I1: Note
H2: 0.5 | I2: narrow window (stricter alignment)
H3: 1 | I3: medium window
H4: 1.5 | I4: default / wider window

Sheet Macro_codes
A1: Macro_ID | B1: Macro Code | C1: CN definition | D1: EN definition | E1: KEEP relevance
A2: 1 | B2: NC | C2: 新概念/新步骤引入 | D2: New concept or new step begins a unit. | E2: often structural
A3: 2 | B3: ELAB | C3: 解释展开（例子/拆解/类比） | D3: Elaboration within unit. | E3: sometimes
A4: 3 | B4: TRANS | C4: 转场/换步骤/换表示 | D4: Transition / boundary marker. | E4: often structural
A5: 4 | B5: EMPH | C5: 强调/标重点/提醒易错 | D5: Emphasis / highlight / pitfall notice. | E5: often structural
A6: 5 | B6: CLOSE | C6: 收束/小结/回顾 | D6: Closure / summary / recap. | E6: often structural

Sheet Micro_codes
A1: Micro Code | B1: CN definition | C1: EN definition | D1: Notes
A2: DEF | B2: 定义/命名/符号引入 | C2: Definition / naming / symbol introduction. | D2: often used with NC
A3: EX | B3: 举例/实例 | C3: Example / instance. | D3: usually elaboration
A4: CONTR | B4: 对比/区分/纠错 | C4: Contrast / distinction / correction. | D4: can mark TRANS
A5: WARN | B5: 易错警示/注意事项 | C5: Warning / pitfall notice. | D5: KEEP if emphatic
A6: CHK | B6: 检查理解/提问 | C6: Checking understanding / questioning. | D6: context-dependent
A7: META | B7: 元话语（接下来/现在） | C7: Meta-discourse (next/now). | D7: supports TRANS/CLOSE

Sheet KEEP_rules
A1: Layer | B1: CN definition | C1: EN definition | D1: Role
A2: Layer1 | B2: 结构必要：删除会断裂/跳跃 | C2: Discourse necessity: removing breaks coherence. | D2: required
A3: Layer2 | B3: 时间对齐：落在±Δt内 | C3: Temporal alignment within ±Δt. | D3: required
A4: Layer3 | B4: 显著性：高于局部基线/top quantile | C4: Salience above local baseline/top quantile. | D4: recommended

Sheet Summary
A1: TAG | B1: q | C1: n_events | D1: events_per_min | E1: mean_amplitude | F1: sd_amplitude | G1: mean_duration | H1: sd_duration

Sheet DebugMissing
A1: win_id | B1: TAG | C1: q | D1: threshold | E1: t_start | F1: t_end | G1: n_frames | H1: na_rate | I1: teacher_off_rate | J1: above_thr_rate | K1: max_run_above | L1: missing_reason | M1: has_event

Sheet WristTracks
A1: frame | B1: t_sec | C1: teacher_id | D1: conf_det | E1: x1 | F1: y1 | G1: x2 | H1: y2 | I1: ls_x | J1: ls_y | K1: ls_z | L1: ls_vis | M1: rs_x | N1: rs_y | O1: rs_z | P1: rs_vis | Q1: le_x | R1: le_y | S1: le_z | T1: le_vis | U1: re_x | V1: re_y | W1: re_z | X1: re_vis | Y1: lw_x | Z1: lw_y | AA1: lw_z | AB1: lw_vis | AC1: rw_x | AD1: rw_y | AE1: rw_z | AF1: rw_vis
